Date,Open,High,Low,Close,Adj Close,Volume
2012/9/4,248.270004,251,244.660004,247.880005,247.880005,3950800
2012/9/5,247.610001,248.610001,245.300003,246.220001,246.220001,2652600
2012/9/6,248.229996,252.699997,247.199997,251.380005,251.380005,5361400
2012/9/7,253.850006,259.420013,253.520004,259.140015,259.140015,5029500
2012/9/10,259,260,256.820007,257.089996,257.089996,2567200
2012/9/11,257.600006,257.600006,254.259995,255.669998,255.669998,2524800
2012/9/12,256.5,257.779999,253.5,255.630005,255.630005,2273200
2012/9/13,254.940002,262,253.800003,260.23999,260.23999,3525600
2012/9/14,261.399994,264.109985,259.769989,261.269989,261.269989,3666200
2012/9/17,261.25,261.25,257,258,258,2306300
2012/9/18,258.480011,260.5,257,258.75,258.75,2215000
2012/9/19,259.450012,262.839996,258.529999,261.679993,261.679993,2636800
2012/9/20,260.029999,260.869995,258,260.809998,260.809998,2913600
2012/9/21,261.73999,262,256.73999,257.470001,257.470001,6059300
2012/9/24,255.220001,255.600006,253,254.800003,254.800003,2707900
2012/9/25,256.329987,258.950012,251.029999,252.460007,252.460007,4405800
2012/9/26,252.399994,254.610001,248.229996,249.669998,249.669998,2920500
2012/9/27,250.539993,257.399994,250.520004,256.589996,256.589996,3397400
2012/9/28,256.140015,257,253.199997,254.320007,254.320007,2456600
2012/10/1,255.399994,256.160004,250.490005,252.009995,252.009995,2581200
2012/10/2,252.800003,253.149994,249.029999,250.600006,250.600006,2195800
2012/10/3,251.210007,256.100006,249.559998,255.919998,255.919998,2745600
2012/10/4,256.01001,261.519989,255.869995,260.470001,260.470001,2700400
2012/10/5,261.200012,261.899994,257.48999,258.51001,258.51001,2806500
2012/10/8,257.670013,259.799988,255.559998,259.059998,259.059998,1762300
2012/10/9,258.670013,259.350006,250.729996,250.960007,250.960007,3494800
2012/10/10,252,252.460007,244.009995,244.990005,244.990005,3948300
2012/10/11,248,249.300003,241.889999,244.220001,244.220001,3447300
2012/10/12,243.179993,245.460007,241.910004,242.360001,242.360001,2203200
2012/10/15,242.850006,244.779999,238.509995,244.179993,244.179993,2959800
2012/10/16,244.869995,245.770004,242.080002,243.940002,243.940002,2204100
2012/10/17,243.369995,248.800003,243.300003,247.490005,247.490005,3302700
2012/10/18,247.770004,250.910004,242.699997,244.850006,244.850006,5305300
2012/10/19,245.160004,246.820007,238.940002,240,240,4395300
2012/10/22,238.809998,238.949997,232.320007,233.779999,233.779999,4500000
2012/10/23,231.050003,236.5,230.009995,234.309998,234.309998,4430800
2012/10/24,235.880005,235.940002,227.949997,228.490005,228.490005,3678700
2012/10/25,230.919998,230.919998,222.919998,222.919998,222.919998,6741300
2012/10/26,228.600006,238.710007,226.690002,238.240005,238.240005,11367500
2012/10/31,236.320007,238.699997,230.5,232.889999,232.889999,4797600
2012/11/1,234.229996,234.550003,231.339996,232.139999,232.139999,3905100
2012/11/2,234.009995,237.399994,232.110001,232.419998,232.419998,3374700
2012/11/5,232.039993,234.830002,230.110001,234.330002,234.330002,1846100
2012/11/6,235.410004,237.75,234.449997,237.559998,237.559998,2661300
2012/11/7,235.649994,235.660004,229.419998,232.059998,232.059998,3624200
2012/11/8,232.220001,233.449997,227.100006,227.350006,227.350006,2982400
2012/11/9,226.259995,230.970001,224.600006,226.309998,226.309998,3092500
2012/11/12,226.589996,229.220001,225.410004,226.470001,226.470001,2128800
2012/11/13,225.119995,227.899994,224.710007,226.600006,226.600006,2629800
2012/11/14,226.5,227.410004,222.509995,222.949997,222.949997,3034100
2012/11/15,222.300003,225.160004,218.179993,220.600006,220.600006,3404700
2012/11/16,221.309998,226.25,218.639999,225.229996,225.229996,4352800
2012/11/19,228.320007,232.5,227.449997,229.710007,229.710007,3591200
2012/11/20,230,233.820007,229.5,233.779999,233.779999,2771700
2012/11/21,233.839996,238.669998,232.75,238.029999,238.029999,2959300
2012/11/23,239.889999,240,236.479996,239.880005,239.880005,1776800
2012/11/26,240.389999,244.320007,238,243.619995,243.619995,4178300
2012/11/27,243.220001,245.669998,241.539993,243.399994,243.399994,3048500
2012/11/28,242.449997,247.229996,241.5,247.110001,247.110001,2743400
2012/11/29,248.050003,252.479996,247.5,251.270004,251.270004,5310500
2012/11/30,250.380005,252.649994,248.270004,252.050003,252.050003,3797400
2012/12/3,252.539993,254.160004,250,250.330002,250.330002,2990600
2012/12/4,249.940002,253,248.660004,252.490005,252.490005,3114700
2012/12/5,252.440002,255.550003,250.380005,253.960007,253.960007,2852200
2012/12/6,253,255.169998,251.509995,253.369995,253.369995,3557900
2012/12/7,254.139999,255.210007,252.009995,253.270004,253.270004,2170300
2012/12/10,253.100006,254.779999,247.300003,247.770004,247.770004,3503800
2012/12/11,248.5,253.479996,246.649994,250.690002,250.690002,4185200
2012/12/12,251.070007,254.360001,250.059998,251.759995,251.759995,2628100
2012/12/13,251.110001,254.539993,250.020004,251.25,251.25,2460200
2012/12/14,250.110001,251.899994,247.789993,249.190002,249.190002,2526900
2012/12/17,249.809998,254,249.259995,253.860001,253.860001,2277000
2012/12/18,254.570007,263.109985,254.570007,260.399994,260.399994,4961000
2012/12/19,261.299988,261.670013,257.679993,257.98999,257.98999,2300000
2012/12/20,258.359985,262.410004,256.540009,261.5,261.5,2584600
2012/12/21,257.820007,258.380005,255.740005,256.920013,256.920013,4704600
2012/12/24,257.299988,259.5,256.959991,258.619995,258.619995,984400
2012/12/26,257.149994,257.420013,248.039993,248.630005,248.630005,4152700
2012/12/27,248.279999,249.350006,242.860001,248.309998,248.309998,3639300
2012/12/28,245.850006,247.440002,245.050003,245.179993,245.179993,1858700
2012/12/31,243.75,252.410004,242.75,250.869995,250.869995,3419000
2013/1/2,256.079987,258.100006,253.259995,257.309998,257.309998,3271000
2013/1/3,257.269989,260.880005,256.369995,258.480011,258.480011,2750900
2013/1/4,257.579987,259.799988,256.649994,259.149994,259.149994,1874200
2013/1/7,262.970001,269.730011,262.670013,268.459991,268.459991,4910000
2013/1/8,267.070007,268.980011,263.570007,266.380005,266.380005,3010700
2013/1/9,268.170013,269.5,265.399994,266.350006,266.350006,2265600
2013/1/10,268.540009,268.73999,262.299988,265.339996,265.339996,2863400
2013/1/11,265.100006,268.429993,264.109985,267.940002,267.940002,2413300
2013/1/14,268,274.26001,267.540009,272.730011,272.730011,4275000
2013/1/15,270.679993,272.730011,269.299988,271.899994,271.899994,2326900
2013/1/16,270.529999,271.23999,267.829987,268.929993,268.929993,2065600
2013/1/17,271.5,271.970001,269.209991,270.480011,270.480011,1884600
2013/1/18,270.829987,274.5,269.600006,272.119995,272.119995,2942000
2013/1/22,271.619995,272.100006,269.230011,270.190002,270.190002,2137700
2013/1/23,270.570007,271.089996,266.649994,268.109985,268.109985,2508900
2013/1/24,269.369995,276.649994,269.369995,273.459991,273.459991,3417000
2013/1/25,275,284.720001,274.399994,283.98999,283.98999,4968100
2013/1/28,283.779999,284.480011,274.399994,276.040009,276.040009,4321400
2013/1/29,275.350006,275.459991,258.350006,260.350006,260.350006,10172600
2013/1/30,283,284.200012,267.109985,272.76001,272.76001,13075400
2013/1/31,271.040009,275.940002,263.700012,265.5,265.5,6772100
2013/2/1,268.929993,268.929993,262.799988,265,265,6115000
2013/2/4,262.779999,264.679993,259.070007,259.980011,259.980011,3723600
2013/2/5,262,268.029999,261.459991,266.890015,266.890015,4012900
2013/2/6,265.160004,266.890015,261.109985,262.220001,262.220001,2770400
2013/2/7,264.100006,264.100006,255.110001,260.230011,260.230011,3975700
2013/2/8,261.399994,265.25,260.549988,261.950012,261.950012,3879200
2013/2/11,263.200012,263.25,256.600006,257.209991,257.209991,3403700
2013/2/12,259.190002,260.160004,257,258.700012,258.700012,2943700
2013/2/13,261.529999,269.959991,260.299988,269.470001,269.470001,5293000
2013/2/14,267.369995,270.649994,265.399994,269.23999,269.23999,3463000
2013/2/15,267.630005,268.920013,263.109985,265.089996,265.089996,3979900
2013/2/19,265.910004,270.109985,264.5,269.75,269.75,2854200
2013/2/20,270.200012,274.299988,266.369995,266.410004,266.410004,3528900
2013/2/21,265.119995,269.480011,263.25,265.940002,265.940002,3637400
2013/2/22,266.619995,267.109985,261.609985,265.420013,265.420013,3124800
2013/2/25,266.940002,268.690002,259.649994,259.869995,259.869995,3032400
2013/2/26,260.890015,262.040009,255.729996,259.359985,259.359985,3348600
2013/2/27,259.399994,265.829987,256.859985,263.25,263.25,2908100
2013/2/28,261.809998,267,260.630005,264.269989,264.269989,2667200
2013/3/1,263.269989,266.600006,261.040009,265.73999,265.73999,2957000
2013/3/4,265.359985,273.299988,264.140015,273.109985,273.109985,3453000
2013/3/5,274,276.679993,269.98999,275.589996,275.589996,3686200
2013/3/6,275.76001,276.48999,271.829987,273.790009,273.790009,2050700
2013/3/7,274.100006,274.799988,271.850006,273.880005,273.880005,1939000
2013/3/8,275,275.440002,271.5,274.190002,274.190002,1879800
2013/3/11,273.429993,273.98999,270.399994,271.23999,271.23999,1904900
2013/3/12,271,277.399994,270.359985,274.130005,274.130005,3246200
2013/3/13,275.23999,276.5,272.640015,275.100006,275.100006,1884200
2013/3/14,269.670013,270,263.529999,265.73999,265.73999,5226700
2013/3/15,264.980011,267.26001,260.049988,261.820007,261.820007,4865900
2013/3/18,259.299988,261.48999,257.119995,257.890015,257.890015,2720200
2013/3/19,258.399994,259.5,252.619995,256.410004,256.410004,3738500
2013/3/20,258.049988,259.76001,254.550003,257.279999,257.279999,2738900
2013/3/21,256.109985,257,252.679993,253.389999,253.389999,2806400
2013/3/22,254.550003,257.769989,252.070007,257.75,257.75,3124600
2013/3/25,258.579987,259.429993,254.5,256.019989,256.019989,2513900
2013/3/26,257.049988,261.480011,256.279999,260.309998,260.309998,2421000
2013/3/27,258.75,265.929993,257.899994,265.299988,265.299988,2874900
2013/3/28,265.820007,267.380005,264.059998,266.48999,266.48999,2473700
2013/4/1,266.980011,267.399994,261.01001,261.609985,261.609985,2524800
2013/4/2,262.399994,265.890015,260.549988,263.320007,263.320007,2631100
2013/4/3,262.119995,263.670013,257.75,259.029999,259.029999,2413800
2013/4/4,259.230011,260.410004,256.119995,259.079987,259.079987,1964400
2013/4/5,255.720001,256.179993,253.669998,255.479996,255.479996,2557400
2013/4/8,255.919998,259.679993,255.630005,258.950012,258.950012,2295600
2013/4/9,258.850006,262.609985,257,261.140015,261.140015,2156600
2013/4/10,261.779999,265.980011,259.320007,264.769989,264.769989,2322500
2013/4/11,264.73999,270.970001,264.73999,269.850006,269.850006,3090500
2013/4/12,270.119995,273.269989,267.019989,272.869995,272.869995,2866300
2013/4/15,271.079987,275.119995,267.100006,267.720001,267.720001,3326000
2013/4/16,269.309998,272.799988,268.059998,272.339996,272.339996,2137200
2013/4/17,270.799988,270.850006,264.25,267.399994,267.399994,3135100
2013/4/18,266.809998,266.98999,256.600006,259.420013,259.420013,3137600
2013/4/19,258.160004,262.880005,257.5,260.320007,260.320007,2602500
2013/4/22,259.350006,264.600006,258.029999,263.549988,263.549988,2119100
2013/4/23,264.5,269.869995,264.5,268.899994,268.899994,2270600
2013/4/24,269.5,271.470001,266.809998,268.779999,268.779999,1852800
2013/4/25,271.529999,275.799988,270.5,274.700012,274.700012,6116500
2013/4/26,269.970001,272.019989,252.809998,254.809998,254.809998,14030000
2013/4/29,254.899994,257.01001,249.149994,249.740005,249.740005,7117000
2013/4/30,249.369995,254.679993,248.559998,253.809998,253.809998,4248800
2013/5/1,253.899994,254.199997,245.75,248.229996,248.229996,4391400
2013/5/2,248.940002,252.929993,245.779999,252.550003,252.550003,3936200
2013/5/3,256.140015,259.25,254.699997,258.049988,258.049988,3514000
2013/5/6,258.089996,259.5,253.419998,255.720001,255.720001,2347800
2013/5/7,256.309998,259.73999,252.910004,257.730011,257.730011,3133700
2013/5/8,256.869995,260.299988,255.330002,258.679993,258.679993,2677000
2013/5/9,258.730011,263.549988,256.880005,260.160004,260.160004,2769300
2013/5/10,260.880005,263.649994,260.209991,263.630005,263.630005,3145300
2013/5/13,262.769989,265.880005,262,264.51001,264.51001,2149500
2013/5/14,264.5,269.399994,264.029999,268.329987,268.329987,2700000
2013/5/15,267.070007,269.049988,264.559998,266.559998,266.559998,2720500
2013/5/16,265.959991,268.429993,263.850006,264.119995,264.119995,1643500
2013/5/17,265.829987,269.980011,265,269.899994,269.899994,2527300
2013/5/20,269,271.790009,266.5,267.630005,267.630005,2209000
2013/5/21,268.73999,270.769989,267.660004,268.859985,268.859985,1741200
2013/5/22,267.390015,267.589996,260.799988,262.959991,262.959991,3332000
2013/5/23,260.48999,263.170013,259.589996,261.799988,261.799988,2000300
2013/5/24,259.850006,261.929993,258.339996,261.73999,261.73999,1696300
2013/5/28,266.480011,271.100006,266,267.290009,267.290009,3471000
2013/5/29,265.459991,268.25,264.839996,265.529999,265.529999,1903400
2013/5/30,265.709991,268.570007,265.609985,266.829987,266.829987,1667500
2013/5/31,266,271.910004,265.940002,269.200012,269.200012,3374300
2013/6/3,268.959991,269.109985,262.950012,266.880005,266.880005,2543900
2013/6/4,267,268.880005,263.019989,265.700012,265.700012,2088600
2013/6/5,265.809998,271.660004,265.019989,267.170013,267.170013,3512300
2013/6/6,267.75,270.5,264.209991,267.829987,267.829987,2476300
2013/6/7,269.73999,280.100006,269.130005,276.869995,276.869995,4632600
2013/6/10,276.679993,282.470001,275.23999,281.070007,281.070007,3086500
2013/6/11,276,278.410004,274.23999,274.779999,274.779999,3097800
2013/6/12,276.600006,276.799988,270.450012,271.670013,271.670013,2238900
2013/6/13,271.5,276.799988,270.290009,275.790009,275.790009,2649800
2013/6/14,275,277.070007,273.440002,273.98999,273.98999,2150800
2013/6/17,276.350006,280.200012,275.649994,278.059998,278.059998,2884000
2013/6/18,279.079987,282.910004,278.109985,281.76001,281.76001,2146100
2013/6/19,281.26001,283.339996,277.869995,278.160004,278.160004,2827500
2013/6/20,275.140015,278.600006,272.390015,273.440002,273.440002,2984000
2013/6/21,274.570007,275.839996,269.790009,273.359985,273.359985,4201000
2013/6/24,271.290009,273.160004,265,270.609985,270.609985,3863800
2013/6/25,272.299988,273.470001,269,272.089996,272.089996,2449600
2013/6/26,273.980011,277.980011,273.5,277.570007,277.570007,3029500
2013/6/27,279.179993,280.200012,274.540009,277.549988,277.549988,2519500
2013/6/28,276.190002,279.829987,276.190002,277.690002,277.690002,3193300
2013/7/1,279,283.290009,277.160004,282.100006,282.100006,2888200
2013/7/2,281.040009,286.579987,280.589996,283.730011,283.730011,3238200
2013/7/3,282,285.399994,282,284.029999,284.029999,1373000
2013/7/5,285,286.380005,282.070007,285.880005,285.880005,1985400
2013/7/8,286.420013,291.670013,286.140015,290.589996,290.589996,3046700
2013/7/9,291,292.570007,288.01001,291.529999,291.529999,2775600
2013/7/10,291.410004,293.339996,289.399994,292.329987,292.329987,1810200
2013/7/11,294.98999,300.690002,292.100006,299.660004,299.660004,4007300
2013/7/12,298.690002,307.549988,298.5,307.549988,307.549988,4539300
2013/7/15,307.269989,307.98999,304.350006,306.570007,306.570007,2245600
2013/7/16,307.299988,309.390015,305.51001,306.869995,306.869995,2660200
2013/7/17,306.970001,308.799988,305.690002,308.690002,308.690002,2029700
2013/7/18,306.269989,306.339996,301.869995,304.109985,304.109985,3063800
2013/7/19,304.390015,305.790009,301.910004,305.230011,305.230011,2973100
2013/7/22,309.25,309.25,302,303.480011,303.480011,2520700
2013/7/23,303.160004,305.059998,300.559998,301.059998,301.059998,1999600
2013/7/24,303.019989,303.839996,298.040009,298.940002,298.940002,2000500
2013/7/25,299,304.5,296.75,303.399994,303.399994,5405800
2013/7/26,299.549988,313.619995,295.549988,312.01001,312.01001,8817500
2013/7/29,311.070007,313,305.899994,306.100006,306.100006,3211800
2013/7/30,307.720001,309.779999,301.570007,302.410004,302.410004,3053400
2013/7/31,303.910004,305.149994,301,301.220001,301.220001,1891300
2013/8/1,303.079987,306.209991,298.899994,305.570007,305.570007,2971700
2013/8/2,304.630005,305.329987,301.5,304.209991,304.209991,2502600
2013/8/5,303.399994,303.619995,298.299988,300.98999,300.98999,2233200
2013/8/6,300.51001,301.359985,297.519989,300.75,300.75,1849000
2013/8/7,300.149994,300.98999,296.149994,296.910004,296.910004,1961000
2013/8/8,298.519989,298.519989,292.549988,295.73999,295.73999,2343400
2013/8/9,295.679993,299.269989,294.299988,297.26001,297.26001,1950300
2013/8/12,295.790009,299.079987,295.26001,296.690002,296.690002,1504500
2013/8/13,295.880005,296.369995,290.670013,293.970001,293.970001,2349900
2013/8/14,294.290009,294.290009,290.540009,291.339996,291.339996,1415000
2013/8/15,288.790009,289.299988,285.149994,286.470001,286.470001,2261400
2013/8/16,286.549988,288.329987,284.5,284.820007,284.820007,2422500
2013/8/19,285.190002,289.559998,283.480011,285.570007,285.570007,2477400
2013/8/20,285.880005,289.51001,285.73999,287.089996,287.089996,1586300
2013/8/21,285.089996,288.5,283.829987,284.570007,284.570007,1815300
2013/8/22,284.799988,289.869995,284.799988,289.730011,289.730011,1422600
2013/8/23,291.209991,291.5,287.899994,290.01001,290.01001,1961900
2013/8/26,290.429993,291.049988,285.619995,286.209991,286.209991,1711700
2013/8/27,283.869995,285.279999,279.73999,280.929993,280.929993,2476000
2013/8/28,280.359985,283,279.329987,281.579987,281.579987,1457100
2013/8/29,281.450012,285.980011,280,283.980011,283.980011,1566400
2013/8/30,284.589996,284.869995,280,280.980011,280.980011,1534700
2013/9/3,284.730011,291.390015,284.170013,288.799988,288.799988,2897600
2013/9/4,288.329987,295.230011,287.579987,293.640015,293.640015,2438600
2013/9/5,293.630005,297,292.709991,294.100006,294.100006,1816600
2013/9/6,295.329987,298.880005,290.799988,295.859985,295.859985,2292000
2013/9/9,297.220001,299.959991,296.600006,299.709991,299.709991,1643600
2013/9/10,300.549988,301,297.220001,300.359985,300.359985,1778400
2013/9/11,298.910004,301.859985,297.839996,299.640015,299.640015,1742600
2013/9/12,299.390015,302,297.660004,298.859985,298.859985,1606200
2013/9/13,300.140015,300.220001,296.200012,297.920013,297.920013,1350600
2013/9/16,299.820007,301,295.26001,296.059998,296.059998,1808400
2013/9/17,297.630005,304.649994,296.01001,304.170013,304.170013,2296500
2013/9/18,304.059998,312.73999,302.910004,312.029999,312.029999,2946400
2013/9/19,313.769989,314.540009,311.040009,312.059998,312.059998,2350900
2013/9/20,312.540009,320.570007,312.410004,316.339996,316.339996,5302300
2013/9/23,314.01001,315.899994,308.769989,311.48999,311.48999,1884900
2013/9/24,312.429993,318.079987,311.279999,314.130005,314.130005,2033600
2013/9/25,314.529999,316.709991,310.75,312.649994,312.649994,2008600
2013/9/26,313.899994,319.369995,313.26001,318.119995,318.119995,1989900
2013/9/27,316.920013,317.209991,313.350006,316.01001,316.01001,1657500
2013/9/30,313.410004,315.309998,311.059998,312.640015,312.640015,1623600
2013/10/1,314.220001,321,313.649994,320.950012,320.950012,2396400
2013/10/2,318.040009,321.730011,317.519989,320.51001,320.51001,2217400
2013/10/3,320.390015,322.920013,313.019989,314.76001,314.76001,2674800
2013/10/4,315.130005,319.200012,312.619995,319.040009,319.040009,1815000
2013/10/7,315.23999,315.339996,309.73999,310.029999,310.029999,2083200
2013/10/8,311.5,311.549988,300.269989,303.230011,303.230011,3166200
2013/10/9,303.420013,303.5,296.5,298.230011,298.230011,3247400
2013/10/10,304.630005,306.700012,302.589996,305.170013,305.170013,2555100
2013/10/11,304.769989,310.929993,303.839996,310.890015,310.890015,2163100
2013/10/14,309.220001,311.649994,307,310.700012,310.700012,1939100
2013/10/15,309.869995,310.790009,305.26001,306.399994,306.399994,2261100
2013/10/16,308.380005,310.799988,305.549988,310.48999,310.48999,2170700
2013/10/17,307.070007,311,305.23999,310.769989,310.769989,2648400
2013/10/18,319.359985,331.890015,316.75,328.929993,328.929993,5969800
2013/10/21,329.890015,330,323.799988,326.440002,326.440002,2522300
2013/10/22,327.720001,337.109985,325.679993,332.540009,332.540009,3935500
2013/10/23,330.839996,331.720001,324.059998,326.76001,326.76001,2818200
2013/10/24,329.630005,332.649994,326.75,332.209991,332.209991,5884700
2013/10/25,358.600006,368.399994,352.619995,363.390015,363.390015,12036800
2013/10/28,359.920013,362.75,357.200012,358.160004,358.160004,3635800
2013/10/29,358.959991,362.890015,356.290009,362.700012,362.700012,2185400
2013/10/30,362.619995,365,358.649994,361.079987,361.079987,4502200
2013/10/31,361.730011,366,359,364.029999,364.029999,2466800
2013/11/1,365.630005,365.769989,356.100006,359,359,3331000
2013/11/4,360.119995,361,354.399994,358.73999,358.73999,1938400
2013/11/5,356.779999,360.170013,354.839996,358.890015,358.890015,2007100
2013/11/6,360.450012,362.869995,354.5,356.179993,356.179993,2282300
2013/11/7,355.859985,357.899994,341.880005,343.559998,343.559998,4246300
2013/11/8,345.950012,351.049988,344.040009,350.309998,350.309998,2656900
2013/11/11,350.589996,355.369995,348.059998,354.380005,354.380005,2261700
2013/11/12,352.98999,355.480011,347.279999,349.529999,349.529999,2343100
2013/11/13,347.399994,356.220001,345.679993,356.220001,356.220001,2773300
2013/11/14,357.390015,368.940002,356.429993,367.399994,367.399994,4159800
2013/11/15,367.630005,372.899994,365.549988,369.170013,369.170013,4491600
2013/11/18,370.279999,373.48999,364.670013,366.179993,366.179993,2737400
2013/11/19,365.820007,368.779999,362.5,364.940002,364.940002,1904800
2013/11/20,367.559998,367.559998,360.450012,362.570007,362.570007,1771500
2013/11/21,364.049988,369.25,363.299988,368.920013,368.920013,1964600
2013/11/22,370,374.5,366.309998,372.309998,372.309998,2965500
2013/11/25,373.820007,377.790009,373.179993,376.640015,376.640015,2972300
2013/11/26,377.609985,382.5,374.820007,381.369995,381.369995,2724400
2013/11/27,383.5,387,382.609985,386.709991,386.709991,2269700
2013/11/29,389.100006,394.100006,388.619995,393.619995,393.619995,2406000
2013/12/2,399,399,389.100006,392.299988,392.299988,4714000
2013/12/3,390.109985,390.950012,383.100006,384.660004,384.660004,3702900
2013/12/4,383.5,389.690002,381.48999,385.959991,385.959991,2355300
2013/12/5,386.649994,386.649994,381.369995,384.48999,384.48999,1906500
2013/12/6,388.350006,388.350006,383.829987,386.950012,386.950012,1984700
2013/12/9,388.109985,388.209991,382.570007,384.890015,384.890015,2761800
2013/12/10,383.73999,389.059998,383.019989,387.779999,387.779999,2736800
2013/12/11,387.339996,388.980011,382,382.190002,382.190002,2451300
2013/12/12,381.26001,385,379.5,381.25,381.25,2123700
2013/12/13,385.320007,389.420013,383.799988,384.23999,384.23999,3025000
2013/12/16,385.029999,391.700012,385,388.970001,388.970001,2251700
2013/12/17,390.649994,391.359985,386.5,387.649994,387.649994,2343900
2013/12/18,389.230011,396.299988,383.100006,395.959991,395.959991,3489100
2013/12/19,394.269989,397.290009,392.600006,395.190002,395.190002,2427200
2013/12/20,396.549988,404.720001,395.779999,402.200012,402.200012,5033900
2013/12/23,403.690002,405,399.200012,402.920013,402.920013,2659500
2013/12/24,402.519989,403.720001,396.369995,399.200012,399.200012,1380400
2013/12/26,401.790009,404.519989,396.809998,404.390015,404.390015,1868500
2013/12/27,404.649994,405.630005,396.25,398.079987,398.079987,1986900
2013/12/30,399.410004,399.920013,392.450012,393.369995,393.369995,2487100
2013/12/31,394.579987,398.829987,393.799988,398.790009,398.790009,1996500
2014/1/2,398.799988,399.359985,394.019989,397.970001,397.970001,2137800
2014/1/3,398.290009,402.709991,396.220001,396.440002,396.440002,2210200
2014/1/6,395.850006,397,388.420013,393.630005,393.630005,3170600
2014/1/7,395.040009,398.470001,394.290009,398.029999,398.029999,1916000
2014/1/8,398.470001,403,396.040009,401.920013,401.920013,2316500
2014/1/9,403.709991,406.890015,398.440002,401.01001,401.01001,2103000
2014/1/10,402.529999,403.76001,393.799988,397.660004,397.660004,2679500
2014/1/13,397.980011,399.779999,388.450012,390.980011,390.980011,2844900
2014/1/14,392.130005,398.630005,391.290009,397.540009,397.540009,2340100
2014/1/15,398.940002,399.309998,392.529999,395.869995,395.869995,2678300
2014/1/16,393.679993,399.290009,389.410004,395.799988,395.799988,2601200
2014/1/17,394.26001,403.48999,393.660004,399.609985,399.609985,4505100
2014/1/21,403,407.799988,401.600006,407.049988,407.049988,3122100
2014/1/22,408,408.059998,402,404.540009,404.540009,2060500
2014/1/23,401,406.170013,397.790009,399.869995,399.869995,3025400
2014/1/24,398.160004,400.200012,387.269989,387.600006,387.600006,4458400
2014/1/27,390.5,394.100006,380.48999,386.279999,386.279999,3936800
2014/1/28,387.399994,394.73999,387.119995,394.429993,394.429993,2894500
2014/1/29,392.160004,392.850006,383.23999,384.200012,384.200012,3382300
2014/1/30,393.769989,406.25,387.700012,403.01001,403.01001,10473900
2014/1/31,371.76001,375.450012,357.76001,358.690002,358.690002,16154800
2014/2/3,358.980011,360.850006,340.100006,346.149994,346.149994,10280800
2014/2/4,349.589996,354,344.019989,347.950012,347.950012,4812900
2014/2/5,346,349.369995,337.730011,346.450012,346.450012,4435400
2014/2/6,347.399994,354.820007,347.399994,354.589996,354.589996,3335700
2014/2/7,358.980011,361.799988,352.48999,361.079987,361.079987,4330500
2014/2/10,361.609985,365,359.350006,360.869995,360.869995,3449700
2014/2/11,361.839996,363.609985,356.25,361.790009,361.790009,3222100
2014/2/12,356.429993,357.75,346.320007,349.25,349.25,6587700
2014/2/13,347.700012,357.200012,346.5,357.200012,357.200012,4175000
2014/2/14,359.339996,359.339996,353.350006,357.350006,357.350006,3520200
2014/2/18,355.279999,355.730011,349.450012,353.649994,353.649994,4998000
2014/2/19,352.640015,354.540009,346.100006,347.380005,347.380005,4168100
2014/2/20,348.799988,350.459991,344.380005,349.799988,349.799988,3492800
2014/2/21,352.440002,354.140015,346.75,346.76001,346.76001,4210000
2014/2/24,345.190002,353,343.290009,351.779999,351.779999,3644700
2014/2/25,353,361.079987,351.579987,358.320007,358.320007,3736400
2014/2/26,359.859985,364.75,357.170013,359.799988,359.799988,3622100
2014/2/27,357.220001,360.589996,355.5,360.130005,360.130005,3104900
2014/2/28,360.600006,365.869995,357.079987,362.100006,362.100006,3882000
2014/3/3,358.73999,360.959991,354.480011,359.779999,359.779999,2798300
2014/3/4,363.899994,365.679993,362.459991,363.899994,363.899994,2704400
2014/3/5,364.130005,372.730011,363.899994,372.369995,372.369995,3848300
2014/3/6,374.049988,375.329987,368.899994,372.160004,372.160004,2926600
2014/3/7,374.579987,374.98999,369.529999,372.059998,372.059998,2279800
2014/3/10,372.690002,372.730011,367,370.529999,370.529999,2105800
2014/3/11,370.98999,372.799988,367.279999,368.820007,368.820007,2246100
2014/3/12,366.399994,371.160004,363.609985,370.640015,370.640015,2216600
2014/3/13,376.619995,383.109985,368.079987,371.51001,371.51001,6829000
2014/3/14,372.799988,378.570007,371.549988,373.73999,373.73999,4402200
2014/3/17,375.720001,378.850006,374.880005,375.040009,375.040009,2303000
2014/3/18,377.320007,379,375,378.769989,378.769989,2483500
2014/3/19,378.769989,379,369.420013,373.230011,373.230011,2646700
2014/3/20,370.640015,373,366.220001,368.970001,368.970001,2558500
2014/3/21,371,372.839996,358.399994,360.619995,360.619995,5414100
2014/3/24,360.089996,361.5,348.600006,351.850006,351.850006,4873500
2014/3/25,354.029999,358.970001,348.839996,354.709991,354.709991,4445700
2014/3/26,357.130005,357.600006,343.399994,343.410004,343.410004,4120700
2014/3/27,343.149994,344,330.880005,338.470001,338.470001,5766400
2014/3/28,340.049988,347,336.079987,338.290009,338.290009,3986800
2014/3/31,342.399994,346.290009,334.059998,336.369995,336.369995,4297500
2014/4/1,338.089996,344.429993,338,342.98999,342.98999,3600100
2014/4/2,345.98999,348.299988,340.380005,341.959991,341.959991,4475500
2014/4/3,341.820007,342.5,328.459991,333.619995,333.619995,6399300
2014/4/4,335.149994,335.440002,315.609985,323,323,12534600
2014/4/7,320.98999,324.940002,313.130005,317.76001,317.76001,7077400
2014/4/8,321.880005,328,318.440002,327.070007,327.070007,6577600
2014/4/9,328.470001,332.179993,322.5,331.809998,331.809998,5056600
2014/4/10,330.600006,331,316.5,317.109985,317.109985,6126700
2014/4/11,314,316.5,309.5,311.730011,311.730011,7287500
2014/4/14,317.670013,320.480011,311.279999,315.910004,315.910004,4293500
2014/4/15,316.700012,318.279999,305.5,316.079987,316.079987,5398600
2014/4/16,321.170013,324,314.709991,323.679993,323.679993,4284900
2014/4/17,319.76001,328.660004,319.76001,324.910004,324.910004,4299200
2014/4/21,323.970001,331.149994,322.309998,330.869995,330.869995,2999400
2014/4/22,332,337.5,328.940002,329.320007,329.320007,3711600
2014/4/23,333.059998,333.130005,323.390015,324.579987,324.579987,3604600
2014/4/24,329.670013,337.399994,322.950012,337.149994,337.149994,9293700
2014/4/25,316.25,316.48999,302.709991,303.829987,303.829987,16180200
2014/4/28,304,304.390015,288,296.579987,296.579987,14479800
2014/4/29,296.440002,301.839996,290.450012,300.380005,300.380005,6509300
2014/4/30,298.100006,304.559998,298.100006,304.130005,304.130005,4088600
2014/5/1,304.130005,310.480011,304,307.890015,307.890015,4328600
2014/5/2,310.420013,313.290009,304.309998,308.01001,308.01001,3995100
2014/5/5,306.369995,310.230011,305,310.049988,310.049988,2519900
2014/5/6,309.529999,309.809998,297.040009,297.380005,297.380005,4682300
2014/5/7,295.559998,296.399994,286.679993,292.709991,292.709991,7015200
2014/5/8,290.820007,295.880005,287.230011,288.320007,288.320007,3848200
2014/5/9,290.570007,293.679993,284.380005,292.23999,292.23999,4063000
2014/5/12,294.299988,303.339996,294.160004,302.859985,302.859985,3729600
2014/5/13,302.600006,305.600006,300.75,304.640015,304.640015,3509900
2014/5/14,302.5,304.640015,296.660004,297.619995,297.619995,3323300
2014/5/15,298.019989,299.200012,290.380005,295.190002,295.190002,4295100
2014/5/16,292.799988,298.880005,291.549988,297.700012,297.700012,3636800
2014/5/19,295.76001,299,293.809998,296.76001,296.76001,2284200
2014/5/20,297.100006,304.459991,296.75,301.190002,301.190002,4095700
2014/5/21,302.209991,305.959991,301.519989,305.01001,305.01001,3408800
2014/5/22,305.049988,308.540009,303.01001,304.910004,304.910004,2576800
2014/5/23,305.459991,312.350006,304.899994,312.23999,312.23999,3052900
2014/5/27,314.410004,314.630005,307.380005,310.820007,310.820007,4862100
2014/5/28,309.5,313.820007,307.420013,310.160004,310.160004,2726000
2014/5/29,310.420013,314.869995,310.200012,313.779999,313.779999,2365500
2014/5/30,314.429993,314.649994,307.570007,312.549988,312.549988,4260200
2014/6/2,312.589996,312.600006,307,308.839996,308.839996,2203400
2014/6/3,305.75,307.920013,305.070007,307.190002,307.190002,2379200
2014/6/4,306.850006,309.5,303.839996,306.779999,306.779999,2107100
2014/6/5,308.100006,327.940002,306.899994,323.570007,323.570007,7796700
2014/6/6,325,330.880005,324.929993,329.670013,329.670013,5244000
2014/6/9,331.570007,333,325.649994,327.5,327.5,3212200
2014/6/10,327.649994,335.5,327.5,332.410004,332.410004,3663400
2014/6/11,336,340.720001,333.880005,335.200012,335.200012,4436800
2014/6/12,335.549988,335.549988,324.660004,325.910004,325.910004,4276300
2014/6/13,327.049988,329.299988,323.529999,326.269989,326.269989,2764800
2014/6/16,324.859985,328.690002,323.519989,327.619995,327.619995,2449800
2014/6/17,327.540009,331.339996,325.230011,325.619995,325.619995,2924100
2014/6/18,328,335.75,325,334.380005,334.380005,6401500
2014/6/19,335.26001,338.899994,325.980011,327,327,5320600
2014/6/20,327.76001,328.220001,320.420013,324.200012,324.200012,6054000
2014/6/23,323.329987,327.549988,321.410004,327.23999,327.23999,2604800
2014/6/24,327.540009,329.730011,322.73999,324.160004,324.160004,2626600
2014/6/25,324.329987,328.149994,321.73999,327.440002,327.440002,2327800
2014/6/26,328.48999,328.649994,322.130005,325.690002,325.690002,2699500
2014/6/27,325.880005,326.519989,323.269989,324.570007,324.570007,2416200
2014/6/30,324.980011,326.980011,322.23999,324.779999,324.779999,2671300
2014/7/1,325.859985,333.200012,325.100006,332.390015,332.390015,3173600
2014/7/2,333.200012,336.76001,331.660004,332.850006,332.850006,2681300
2014/7/3,334.829987,338.299988,333.079987,337.48999,337.48999,1944300
2014/7/7,337.5,337.549988,332.519989,333.549988,333.549988,2128900
2014/7/8,333.100006,333.73999,321.399994,323.809998,323.809998,4271600
2014/7/9,324.709991,330.200012,323.149994,329.970001,329.970001,3166100
2014/7/10,324.339996,329.980011,322.649994,327.920013,327.920013,2665000
2014/7/11,334.709991,347,334.709991,346.200012,346.200012,8300800
2014/7/14,347.029999,355.769989,345.359985,355.320007,355.320007,5609900
2014/7/15,353.720001,355.589996,349.399994,354.440002,354.440002,4170900
2014/7/16,355.619995,359.320007,353,355.899994,355.899994,3503600
2014/7/17,353.440002,356.959991,351.380005,352.450012,352.450012,3636000
2014/7/18,354.399994,359.679993,352.079987,358.660004,358.660004,3407400
2014/7/21,358.100006,361.709991,356.720001,359.76001,359.76001,2278400
2014/7/22,355.25,362.929993,355.25,360.839996,360.839996,2888900
2014/7/23,359.049988,360.630005,356.619995,358.140015,358.140015,2687300
2014/7/24,359.980011,364.850006,358.519989,358.609985,358.609985,7088700
2014/7/25,317.299988,324.869995,314.76001,324.01001,324.01001,17846500
2014/7/28,324.25,324.820007,316.5,320.410004,320.410004,5932000
2014/7/29,321.980011,322.899994,319.5,320,320,2883800
2014/7/30,321.450012,322.730011,318.5,322.51001,322.51001,3969000
2014/7/31,320.01001,320.679993,311.859985,312.98999,312.98999,5192000
2014/8/1,313.690002,315.829987,304.589996,307.059998,307.059998,7441500
2014/8/4,308.839996,316.179993,308.5,313.649994,313.649994,4200900
2014/8/5,313.299988,314.549988,310.059998,312.320007,312.320007,2852100
2014/8/6,310.829987,315.779999,310.200012,313.890015,313.890015,2296900
2014/8/7,315.209991,315.880005,309.649994,311.450012,311.450012,2935600
2014/8/8,311.940002,317.320007,310.660004,316.799988,316.799988,2705900
2014/8/11,318.480011,320.380005,316.880005,318.329987,318.329987,2468600
2014/8/12,318.890015,321.309998,316.950012,319.320007,319.320007,1915800
2014/8/13,327.600006,331.720001,326.140015,326.279999,326.279999,4939100
2014/8/14,327.799988,334.089996,326.709991,333.209991,333.209991,3420400
2014/8/15,334,335,328.320007,333.630005,333.630005,3896700
2014/8/18,335.480011,337.799988,333.769989,334.529999,334.529999,2485400
2014/8/19,334.869995,335.809998,333.01001,335.130005,335.130005,1713800
2014/8/20,334.679993,337.160004,334.019989,335.779999,335.779999,1810500
2014/8/21,336.480011,336.579987,332.230011,332.910004,332.910004,1971100
2014/8/22,332.98999,334.079987,330.799988,331.589996,331.589996,2211200
2014/8/25,333.209991,336.769989,332.709991,334.019989,334.019989,1957700
2014/8/26,337,344.359985,334.549988,341.829987,341.829987,3654700
2014/8/27,342.089996,346.670013,341.339996,343.179993,343.179993,2961600
2014/8/28,340,341.790009,338.799988,340.019989,340.019989,2252700
2014/8/29,341.76001,341.820007,337.679993,339.040009,339.040009,1939500
2014/9/2,339.980011,342.5,337.160004,342.380005,342.380005,2326000
2014/9/3,342.540009,343.269989,337.549988,339,339,1993700
2014/9/4,343.690002,349.380005,343.579987,345.950012,345.950012,3965600
2014/9/5,346.299988,346.829987,342.5,346.380005,346.380005,2107000
2014/9/8,344.540009,345.809998,339.040009,342.339996,342.339996,2955300
2014/9/9,341.609985,341.76001,329.179993,329.75,329.75,4646800
2014/9/10,334.299988,334.980011,328.820007,331.329987,331.329987,3797400
2014/9/11,329.940002,333.01001,326.390015,330.519989,330.519989,2720200
2014/9/12,329.559998,332.890015,328.790009,331.190002,331.190002,3429300
2014/9/15,330.910004,331.329987,319,323.890015,323.890015,4000400
2014/9/16,321.070007,329.480011,320.100006,327.76001,327.76001,3259900
2014/9/17,327.76001,328,321.519989,324,324,4136000
2014/9/18,325.440002,327.100006,323.709991,325,325,2576900
2014/9/19,327.600006,332.76001,325.570007,331.320007,331.320007,6886200
2014/9/22,328.48999,329.48999,321.059998,324.5,324.5,3109700
2014/9/23,322.459991,327.600006,321.25,323.630005,323.630005,2352600
2014/9/24,324.170013,329.440002,319.559998,328.209991,328.209991,2642200
2014/9/25,327.98999,328.540009,321.399994,321.929993,321.929993,2928800
2014/9/26,320.600006,323.5,317.640015,323.209991,323.209991,3638000
2014/9/29,320.5,323.75,319,321.820007,321.820007,1924600
2014/9/30,321.359985,323.429993,318.51001,322.440002,322.440002,2636200
2014/10/1,322.040009,322.170013,315.549988,317.459991,317.459991,3089100
2014/10/2,316.920013,318.529999,311.309998,318.410004,318.410004,3553900
2014/10/3,320.359985,325.160004,319.529999,322.73999,322.73999,3037400
2014/10/6,323.5,324.130005,319.600006,322.200012,322.200012,2290300
2014/10/7,319.429993,322,316.670013,316.980011,316.980011,2365400
2014/10/8,316.579987,324.109985,314.140015,322.700012,322.700012,3452800
2014/10/9,321.48999,322.269989,314.519989,315.369995,315.369995,3587900
2014/10/10,314.019989,317.769989,311.380005,311.390015,311.390015,3681900
2014/10/13,309.869995,313.200012,303.470001,306.450012,306.450012,4363900
2014/10/14,308,312.23999,305.75,308.309998,308.309998,3385800
2014/10/15,304.350006,307.899994,299.100006,305.970001,305.970001,5343900
2014/10/16,293.829987,306.820007,293.829987,302.859985,302.859985,4731300
2014/10/17,307.149994,309.200012,302.720001,303.640015,303.640015,4405100
2014/10/20,302.950012,306.529999,302.019989,306.209991,306.209991,3234500
2014/10/21,309.899994,315.640015,307.070007,315.329987,315.329987,3559300
2014/10/22,315.429993,318.980011,312.640015,312.970001,312.970001,3125900
2014/10/23,313.399994,316.799988,311.399994,313.179993,313.179993,9038200
2014/10/24,284.399994,293.809998,284,287.059998,287.059998,19801100
2014/10/27,285.700012,290.420013,285.019989,289.970001,289.970001,5950600
2014/10/28,289.76001,298,289.76001,295.589996,295.589996,5572600
2014/10/29,299.109985,299.609985,293.070007,294.119995,294.119995,4881900
2014/10/30,293.980011,299.73999,292.359985,299.070007,299.070007,4055200
2014/10/31,305.149994,305.720001,301.5,305.459991,305.459991,4550700
2014/11/3,306.23999,308.01001,303.23999,305.720001,305.720001,3242500
2014/11/4,303.98999,304.25,300.170013,302.809998,302.809998,3427400
2014/11/5,303.01001,304,294.160004,296.519989,296.519989,4674500
2014/11/6,296.690002,297,292.290009,296.640015,296.640015,3758100
2014/11/7,297.820007,299.98999,296.290009,299.859985,299.859985,2647400
2014/11/10,300,305.799988,300,305.109985,305.109985,2809100
2014/11/11,305.940002,312.380005,303.649994,312.01001,312.01001,3803600
2014/11/12,310.75,312.579987,308.790009,311.51001,311.51001,2183000
2014/11/13,312,317.890015,311.51001,316.480011,316.480011,3686400
2014/11/14,317.119995,332.880005,316.399994,327.820007,327.820007,8877800
2014/11/17,326.440002,328,318.029999,323.049988,323.049988,4784900
2014/11/18,323.98999,329.559998,323.25,324.929993,324.929993,3549500
2014/11/19,327.25,328.399994,324.019989,326.540009,326.540009,3281600
2014/11/20,324,332.670013,323.329987,330.540009,330.540009,3436700
2014/11/21,335.420013,338.329987,331.470001,332.630005,332.630005,4466600
2014/11/24,334.779999,337.390015,333.600006,335.640015,335.640015,2754200
2014/11/25,335.269989,336.329987,331.279999,335.040009,335.040009,2565000
2014/11/26,333.779999,334.649994,331.75,333.570007,333.570007,1983600
2014/11/28,336.029999,341.26001,336.029999,338.640015,338.640015,3051800
2014/12/1,338.119995,340.640015,325.929993,326,326,4944900
2014/12/2,327.5,327.929993,323.25,326.309998,326.309998,2790300
2014/12/3,325.730011,326.769989,314.359985,316.5,316.5,5681000
2014/12/4,315.529999,318.589996,313.470001,316.929993,316.929993,3290300
2014/12/5,316.799988,316.929993,310.839996,312.630005,312.630005,3265200
2014/12/8,311.570007,316.559998,304.820007,306.640015,306.640015,3639200
2014/12/9,302.98999,313.640015,301.140015,312.5,312.5,4049500
2014/12/10,312,313.190002,304.679993,305.839996,305.839996,3245900
2014/12/11,307.890015,312.640015,306.01001,307.359985,307.359985,3262900
2014/12/12,303.98999,310.640015,303.01001,307.320007,307.320007,3153500
2014/12/15,308.869995,310.859985,302.149994,306.070007,306.070007,3841600
2014/12/16,304.350006,304.48999,295.01001,295.059998,295.059998,6501300
2014/12/17,296.369995,299.670013,293.029999,298.880005,298.880005,4433500
2014/12/18,304.01001,304.5,293.25,297.730011,297.730011,7738100
2014/12/19,296.910004,301.540009,295.519989,299.899994,299.899994,8709100
2014/12/22,301.940002,307.359985,301.940002,306.540009,306.540009,4003800
2014/12/23,306.980011,307.48999,303.25,306.290009,306.290009,2713700
2014/12/24,306.380005,307,302.880005,303.029999,303.029999,1513800
2014/12/26,305,310.779999,303.809998,309.089996,309.089996,2893800
2014/12/29,307.850006,314.269989,306.579987,312.040009,312.040009,3009000
2014/12/30,309.910004,313.940002,309.339996,310.299988,310.299988,2093000
2014/12/31,311.549988,312.980011,310.01001,310.350006,310.350006,2048000
2015/1/2,312.579987,314.75,306.959991,308.519989,308.519989,2783200
2015/1/5,307.01001,308.380005,300.850006,302.190002,302.190002,2774200
2015/1/6,302.23999,303,292.380005,295.290009,295.290009,3519000
2015/1/7,297.5,301.279999,295.329987,298.420013,298.420013,2640300
2015/1/8,300.320007,303.140015,296.109985,300.459991,300.459991,3088400
2015/1/9,301.480011,302.869995,296.679993,296.929993,296.929993,2592400
2015/1/12,297.559998,298.51001,289.279999,291.410004,291.410004,3421400
2015/1/13,297.480011,301.5,293.230011,294.73999,294.73999,4136400
2015/1/14,291.929993,295.910004,286.5,293.269989,293.269989,5464600
2015/1/15,294,296,286.820007,286.950012,286.950012,4419200
2015/1/16,286.279999,290.790009,285.25,290.73999,290.73999,3478200
2015/1/20,292.589996,293.359985,286.390015,289.440002,289.440002,3075100
2015/1/21,289.640015,306,287.26001,297.25,297.25,10065100
2015/1/22,300,312.25,300,310.320007,310.320007,5362600
2015/1/23,308.079987,316.929993,307.720001,312.390015,312.390015,4496400
2015/1/26,311.820007,313,307.519989,309.660004,309.660004,3169700
2015/1/27,306.299988,310.23999,302.630005,306.75,306.75,2920300
2015/1/28,309.809998,311.51001,303.799988,303.910004,303.910004,3063800
2015/1/29,304.730011,312.799988,299.329987,311.779999,311.779999,8656600
2015/1/30,346.320007,359.5,340.73999,354.529999,354.529999,23856100
2015/2/2,350.049988,365,350.01001,364.470001,364.470001,10231900
2015/2/3,360.290009,367.820007,360.209991,363.549988,363.549988,6212600
2015/2/4,358.380005,367.5,358.230011,364.75,364.75,4169900
2015/2/5,366,378.799988,365.899994,373.890015,373.890015,7247600
2015/2/6,374.869995,375.98999,371.01001,374.279999,374.279999,3892400
2015/2/9,371,374.410004,367.200012,370.559998,370.559998,2724600
2015/2/10,371.190002,374.299988,368.51001,373,373,2287200
2015/2/11,371.230011,377.100006,371.100006,375.140015,375.140015,2786500
2015/2/12,375.100006,378.51001,373.149994,377.170013,377.170013,2791100
2015/2/13,378.410004,383,377.01001,381.829987,381.829987,3475100
2015/2/17,377.720001,379.98999,372.670013,375.429993,375.429993,3673200
2015/2/18,373.779999,376.73999,372.850006,373.369995,373.369995,2650600
2015/2/19,373.48999,381.880005,373.429993,379,379,2953800
2015/2/20,378.619995,383.700012,375.839996,383.660004,383.660004,3258000
2015/2/23,383.440002,384.540009,378,380.140015,380.140015,2177000
2015/2/24,378.649994,380.480011,376.160004,378.589996,378.589996,1920800
2015/2/25,377.269989,387.850006,376.540009,385.369995,385.369995,3174500
2015/2/26,384.070007,389.369995,383.279999,384.799988,384.799988,2687100
2015/2/27,384,385.98999,379.790009,380.160004,380.160004,2532300
2015/3/2,380.850006,385.899994,379.480011,385.660004,385.660004,2139200
2015/3/3,383.950012,386.100006,381.600006,384.609985,384.609985,1946500
2015/3/4,385.709991,387.899994,382.190002,382.720001,382.720001,2259100
2015/3/5,385.609985,388.420013,383.890015,387.829987,387.829987,2693500
2015/3/6,385.519989,387,378.880005,380.089996,380.089996,2627000
2015/3/9,378.399994,379.329987,375.279999,378.559998,378.559998,2311400
2015/3/10,377.450012,377.769989,369.179993,369.51001,369.51001,3121000
2015/3/11,370.609985,373.350006,366.26001,366.369995,366.369995,2495100
2015/3/12,368.820007,375.5,367.519989,374.23999,374.23999,2810000
2015/3/13,371.519989,373.98999,366.679993,370.579987,370.579987,2611700
2015/3/16,370.380005,373.940002,366.720001,373.350006,373.350006,2354100
2015/3/17,371.109985,374.5,369.640015,371.920013,371.920013,2037000
2015/3/18,369.970001,375.98999,366.700012,375.140015,375.140015,2654100
2015/3/19,373.869995,377.109985,372.190002,373.23999,373.23999,1915700
2015/3/20,376.290009,379.369995,375.920013,378.48999,378.48999,3763600
2015/3/23,378.070007,381.769989,374.940002,375.109985,375.109985,2239300
2015/3/24,373.98999,375.23999,372.269989,374.089996,374.089996,2228200
2015/3/25,375.170013,380.5,370.290009,370.959991,370.959991,3429500
2015/3/26,369.589996,371.399994,365.649994,367.350006,367.350006,2930000
2015/3/27,367.109985,373.170013,366.570007,370.559998,370.559998,2609800
2015/3/30,371.869995,376.119995,371.549988,374.589996,374.589996,1820900
2015/3/31,373.23999,377.700012,371.51001,372.100006,372.100006,2506100
2015/4/1,372.100006,373.160004,368.339996,370.26001,370.26001,2458100
2015/4/2,370.5,373.279999,369,372.25,372.25,1875300
2015/4/6,370.100006,380.200012,369.359985,377.040009,377.040009,3050700
2015/4/7,376.149994,379.309998,374.029999,374.410004,374.410004,1954900
2015/4/8,374.660004,381.579987,374.649994,381.200012,381.200012,2636400
2015/4/9,380.660004,384.420013,378.799988,383.540009,383.540009,2392300
2015/4/10,384.309998,387.119995,381.320007,382.649994,382.649994,2573500
2015/4/13,383.529999,385.279999,380.140015,382.359985,382.359985,1894500
2015/4/14,383.51001,387.809998,381.209991,385.109985,385.109985,2583600
2015/4/15,384.649994,385.779999,381.640015,383.450012,383.450012,1933200
2015/4/16,383.690002,387.450012,383.549988,386.040009,386.040009,2080400
2015/4/17,382.630005,383.559998,374.399994,375.559998,375.559998,3839700
2015/4/20,378.549988,391.940002,377,389.51001,389.51001,5016100
2015/4/21,391.309998,394.600006,386.799988,391.179993,391.179993,4643500
2015/4/22,391.910004,394.279999,388,389.799988,389.799988,3474700
2015/4/23,390.209991,391.880005,386.149994,389.98999,389.98999,7980000
2015/4/24,439,452.649994,439,445.100006,445.100006,17176900
2015/4/27,443.859985,446.98999,437.410004,438.559998,438.559998,5430900
2015/4/28,438.51001,439,428.040009,429.309998,429.309998,4140500
2015/4/29,426.75,434.23999,426.029999,429.369995,429.369995,3621700
2015/4/30,427.109985,431.75,419.23999,421.779999,421.779999,3647900
2015/5/1,423.820007,425.640015,416,422.869995,422.869995,3565800
2015/5/4,424.799988,429.769989,422.420013,423.040009,423.040009,2270400
2015/5/5,422.850006,427.51001,421.019989,421.190002,421.190002,2856400
2015/5/6,421.429993,422.720001,414.549988,419.100006,419.100006,2552500
2015/5/7,424.149994,428.5,422.850006,426.880005,426.880005,2766100
2015/5/8,430.75,435.200012,430.170013,433.690002,433.690002,2908800
2015/5/11,432.51001,439,431.369995,432.850006,432.850006,2393700
2015/5/12,431.079987,433.25,426.709991,431.019989,431.019989,1947800
2015/5/13,429.980011,433.529999,425.799988,426.869995,426.869995,1996300
2015/5/14,429.450012,433,427.01001,432.279999,432.279999,1888500
2015/5/15,428,430.399994,424.299988,426,426,4240300
2015/5/18,426,427.269989,421.459991,425.23999,425.23999,2390200
2015/5/19,424.869995,428.23999,420.630005,421.709991,421.709991,2464200
2015/5/20,420.600006,427.100006,418.359985,423.859985,423.859985,2196200
2015/5/21,428,436.899994,428,431.630005,431.630005,4121400
2015/5/22,431.549988,432.440002,427.609985,427.630005,427.630005,2020600
2015/5/26,426.200012,427,422,425.470001,425.470001,2244200
2015/5/27,427.450012,431.850006,425.01001,431.420013,431.420013,2231100
2015/5/28,429.709991,431.350006,425.470001,426.570007,426.570007,1912400
2015/5/29,427.230011,432.5,427.230011,429.230011,429.230011,3016100
2015/6/1,430.399994,433.160004,426.200012,430.920013,430.920013,2253300
2015/6/2,430.070007,433.230011,426.25,430.98999,430.98999,1668900
2015/6/3,434.399994,438.390015,432.75,436.589996,436.589996,2720800
2015/6/4,434.399994,436.76001,429.26001,430.779999,430.779999,2510800
2015/6/5,429.660004,430.799988,426.5,426.950012,426.950012,1907900
2015/6/8,425.619995,426.799988,421.429993,423.5,423.5,2172500
2015/6/9,422.959991,427.48999,419.140015,425.480011,425.480011,2288700
2015/6/10,426.459991,432.200012,425.660004,430.769989,430.769989,2172300
2015/6/11,432.290009,438.890015,431.470001,432.970001,432.970001,2922500
2015/6/12,431.25,432.359985,428.26001,429.920013,429.920013,2054400
2015/6/15,427.660004,428.049988,422.640015,423.670013,423.670013,2051000
2015/6/16,424.149994,427.970001,422.670013,427.26001,427.26001,2296400
2015/6/17,428.359985,431.350006,424.75,427.809998,427.809998,2185900
2015/6/18,430.299988,439.730011,429.410004,439.390015,439.390015,3378400
2015/6/19,440.26001,444.98999,433.23999,434.920013,434.920013,4495100
2015/6/22,437,439.23999,434.179993,436.290009,436.290009,1823600
2015/6/23,435.589996,447.040009,433.690002,445.98999,445.98999,3245000
2015/6/24,444.970001,446.470001,440.230011,440.839996,440.839996,2620800
2015/6/25,438.070007,443.470001,436.390015,440.100006,440.100006,2237500
2015/6/26,441.76001,443.48999,435.059998,438.100006,438.100006,2624500
2015/6/29,434.980011,437,429,429.859985,429.859985,2753200
2015/6/30,434.200012,435.570007,430.459991,434.089996,434.089996,2596900
2015/7/1,439.350006,440,435.579987,437.390015,437.390015,1987100
2015/7/2,437,438.200012,433.480011,437.709991,437.709991,1343400
2015/7/6,435.230011,439.730011,433.519989,436.040009,436.040009,1903200
2015/7/7,435.679993,437.730011,425.570007,436.720001,436.720001,3454200
2015/7/8,434.350006,435.98999,428.829987,429.700012,429.700012,2383100
2015/7/9,434.899994,438.720001,434.149994,434.390015,434.390015,2262900
2015/7/10,440.48999,444.720001,439,443.51001,443.51001,2401000
2015/7/13,448.290009,457.869995,447.540009,455.570007,455.570007,3956800
2015/7/14,462.320007,469.600006,458.160004,465.570007,465.570007,4736200
2015/7/15,463.040009,464.700012,460.200012,461.190002,461.190002,2987400
2015/7/16,465.5,475.880005,464.799988,475.480011,475.480011,4095600
2015/7/17,477.700012,485.420013,477.25,483.01001,483.01001,4932200
2015/7/20,492.570007,493.200012,485.399994,488.100006,488.100006,4752500
2015/7/21,487.899994,488.880005,482.549988,488,488,3181800
2015/7/22,485.98999,492.5,484.899994,488.269989,488.269989,3114900
2015/7/23,491.660004,491.660004,475.700012,482.179993,482.179993,9374400
2015/7/24,578.98999,580.570007,529.349976,529.419983,529.419983,21909400
2015/7/27,527.75,544.950012,526.599976,531.409973,531.409973,7491000
2015/7/28,536,536.390015,523.119995,526.030029,526.030029,5273100
2015/7/29,530.919983,532.969971,525.02002,529,529,3752600
2015/7/30,527.650024,539.200012,524.289978,536.76001,536.76001,3743100
2015/7/31,539.090027,542.840027,534.52002,536.150024,536.150024,3025600
2015/8/3,537.450012,540.440002,529.359985,535.030029,535.030029,3014200
2015/8/4,529.690002,536.950012,529.159973,531.900024,531.900024,2934600
2015/8/5,538.799988,539.140015,534.119995,537.01001,537.01001,2889400
2015/8/6,539.299988,542.73999,527.52002,529.460022,529.460022,3820500
2015/8/7,529.159973,529.460022,518.210022,522.619995,522.619995,3969200
2015/8/10,528.52002,532.280029,523,524,524,2615900
2015/8/11,523.650024,528.97998,522,527.460022,527.460022,2676600
2015/8/12,523.75,527.5,513.059998,525.909973,525.909973,3962300
2015/8/13,527.369995,534.659973,525.48999,529.659973,529.659973,2895200
2015/8/14,528.25,534.109985,528.25,531.52002,531.52002,1994800
2015/8/17,531.289978,538.73999,527.119995,535.219971,535.219971,2581700
2015/8/18,535.039978,539.48999,533,535.02002,535.02002,2071300
2015/8/19,533.73999,537.25,529,532.919983,532.919983,2313500
2015/8/20,530.390015,533.25,515.77002,515.780029,515.780029,4408000
2015/8/21,507.359985,512.330017,494.470001,494.470001,494.470001,6706500
2015/8/24,463.579987,476.579987,451,463.369995,463.369995,10097600
2015/8/25,487.48999,489.440002,466.25,466.369995,466.369995,5679300
2015/8/26,484.019989,503.720001,478.76001,500.769989,500.769989,6358600
2015/8/27,513.710022,522.690002,507.26001,518.369995,518.369995,6114500
2015/8/28,517.5,521.5,513.039978,518.01001,518.01001,2746700
2015/8/31,516.440002,519.409973,509.070007,512.890015,512.890015,3002300
2015/9/1,499.140015,510,493.429993,496.540009,496.540009,3864500
2015/9/2,505.089996,510.859985,497.720001,510.549988,510.549988,3707100
2015/9/3,514.5,515.840027,502.570007,504.720001,504.720001,3149700
2015/9/4,497.649994,502.850006,495.640015,499,499,2692500
2015/9/8,508.690002,518.349976,508.51001,517.539978,517.539978,3810700
2015/9/9,524,529.950012,515.059998,516.890015,516.890015,4370700
2015/9/10,515.150024,526.130005,514.780029,522.23999,522.23999,2576000
2015/9/11,521.070007,529.440002,520.609985,529.440002,529.440002,3227900
2015/9/14,529.440002,532.450012,518.580017,521.380005,521.380005,3130200
2015/9/15,523.25,527.919983,517.200012,522.369995,522.369995,2865900
2015/9/16,521.97998,528.299988,518.52002,527.390015,527.390015,2252800
2015/9/17,526.97998,546.969971,526.570007,538.869995,538.869995,4169500
2015/9/18,534.619995,546.23999,531.349976,540.26001,540.26001,6160100
2015/9/21,544.330017,549.780029,539.590027,548.390015,548.390015,3283300
2015/9/22,539.710022,543.549988,532.659973,538.400024,538.400024,3841700
2015/9/23,538.299988,541.210022,534,536.070007,536.070007,2237600
2015/9/24,530.549988,534.559998,522.869995,533.75,533.75,3501000
2015/9/25,542.570007,542.799988,521.400024,524.25,524.25,4031000
2015/9/28,520.02002,520.280029,494.329987,504.059998,504.059998,5434500
2015/9/29,506,511.480011,490.5,496.070007,496.070007,4457500
2015/9/30,505.440002,512.799988,501.670013,511.890015,511.890015,4004700
2015/10/1,511,520.799988,506,520.719971,520.719971,3768500
2015/10/2,512.98999,532.599976,508.100006,532.539978,532.539978,4597800
2015/10/5,536.98999,545.909973,536,543.679993,543.679993,3391400
2015/10/6,545.5,551.5,533.330017,537.47998,537.47998,4502800
2015/10/7,541.789978,542,529,541.940002,541.940002,3812100
2015/10/8,536.710022,539.390015,519.890015,533.159973,533.159973,4676400
2015/10/9,534.47998,541.789978,530.27002,539.799988,539.799988,3537400
2015/10/12,539.960022,550.820007,539.799988,550.190002,550.190002,2776100
2015/10/13,546.26001,553.200012,543.099976,548.900024,548.900024,2938000
2015/10/14,551.340027,552.25,539.679993,544.830017,544.830017,3582100
2015/10/15,547.75,563,547,562.440002,562.440002,4937000
2015/10/16,565.27002,570.940002,560.309998,570.76001,570.76001,4315800
2015/10/19,570.76001,579,567.380005,573.150024,573.150024,4375400
2015/10/20,572,573,555.280029,560.880005,560.880005,4327900
2015/10/21,563.869995,565.25,552.52002,555.77002,555.77002,3343600
2015/10/22,562.700012,569.150024,556.669983,563.909973,563.909973,7779400
2015/10/23,617.679993,619.450012,595.359985,599.030029,599.030029,10692700
2015/10/26,602.299988,609.849976,596.289978,608.609985,608.609985,4269700
2015/10/27,608.599976,614.710022,605.530029,611.01001,611.01001,3787100
2015/10/28,612.299988,617.22998,609.5,617.099976,617.099976,3926200
2015/10/29,617.700012,627.539978,615.390015,626.549988,626.549988,3896000
2015/10/30,626.01001,630.719971,625.280029,625.900024,625.900024,3874400
2015/11/2,627.130005,628.630005,620.409973,628.349976,628.349976,2816500
2015/11/3,629.530029,629.890015,622,625.309998,625.309998,3246900
2015/11/4,627.76001,645.929993,627.349976,640.950012,640.950012,4840500
2015/11/5,647.099976,657,643.090027,655.650024,655.650024,4723800
2015/11/6,655,662.26001,652,659.369995,659.369995,4092200
2015/11/9,658.650024,661.960022,647.849976,655.48999,655.48999,4048800
2015/11/10,651.01001,660,647.26001,659.679993,659.679993,3489500
2015/11/11,663.25,675.960022,663.25,673.25,673.25,5387300
2015/11/12,673,675.640015,664.219971,665.599976,665.599976,4284700
2015/11/13,663.570007,667,640.450012,642.349976,642.349976,6261100
2015/11/16,640.919983,649.98999,622.289978,647.809998,647.809998,7435900
2015/11/17,650.650024,653.25,641,643.299988,643.299988,4320200
2015/11/18,646.51001,664.880005,646.369995,663.539978,663.539978,4469800
2015/11/19,664.98999,672.859985,659,661.27002,661.27002,4705200
2015/11/20,667.940002,668.869995,657.570007,668.450012,668.450012,3896100
2015/11/23,671.5,682.77002,670.119995,678.98999,678.98999,4385100
2015/11/24,674.140015,675.799988,661.210022,671.150024,671.150024,4543400
2015/11/25,675,679.700012,671.23999,675.340027,675.340027,2697900
2015/11/27,680.799988,680.98999,672.099976,673.26001,673.26001,1966800
2015/11/30,675.900024,681.289978,664.599976,664.799988,664.799988,5693200
2015/12/1,673.75,681,667.859985,679.059998,679.059998,4751200
2015/12/2,681,684.820007,674.25,676.01001,676.01001,4273500
2015/12/3,679.440002,682.789978,661.47998,666.25,666.25,5064700
2015/12/4,666,674.780029,661.400024,672.640015,672.640015,4534800
2015/12/7,674.73999,675.460022,660.5,669.830017,669.830017,3732800
2015/12/8,663.130005,679.98999,659.789978,677.330017,677.330017,3651900
2015/12/9,678,679,655.679993,664.789978,664.789978,5158200
2015/12/10,665.590027,668.530029,659.559998,662.320007,662.320007,3440200
2015/12/11,651.22998,657.880005,639.619995,640.150024,640.150024,5474400
2015/12/14,641.75,658.590027,635.27002,657.909973,657.909973,4329700
2015/12/15,665.030029,671.5,657.349976,658.640015,658.640015,4753400
2015/12/16,663.559998,677.349976,659.320007,675.77002,675.77002,3964500
2015/12/17,680,682.5,670.650024,670.650024,670.650024,3681600
2015/12/18,668.650024,676.840027,664.130005,664.140015,664.140015,6841300
